name,family,india_records,verdict,active,checked_names
Chilades laius,Lycaenidae,2677,TRULY_ABSENT,,chilades laius; hesperia cajus; papilio laius
Chilasa clytia,Papilionidae,1775,IN_DB_AS:Papilio clytia,True,chilasa clytia; chilasa clytia anuus; chilasa clytia duboisi; chilasa clytia gulam; chilasa clytia partidu; papilio casyapa; papilio clytia; papilio clytia lanata; papilio clytia palephatides; papilio clytia sapores; papilio dissimilis; papilio onpape; papilio panope; papilio panope panopinus; papilio papone; papilio saturata
Kallima sylvia,Nymphalidae,724,IN_DB_AS:Parthenos sylvia,True,kallima sylvia; parthenos jaraensis; parthenos sylvia
Mycalesis patnia,Nymphalidae,517,IN_DB_AS:Mycalesis junonia,True,mycalesis junonia; mycalesis patnia
Parathyma perius,Nymphalidae,303,IN_DB_AS:Athyma perius,True,athyma atramenta; athyma eriosine; athyma hoso; athyma insolitus; athyma leucothoe; athyma perius; athyma perius perius; athyma polyxena; pantoporia perius hoso; papilio erosine; papilio perius; parathyma perius
Polyura agrarius,Nymphalidae,294,TRULY_ABSENT,,polyura agrarius
Parathyma selenophora,Nymphalidae,274,IN_DB_AS:Athyma selenophora,True,athyma selenophora; parathyma selenophora
Parathyma ranga,Nymphalidae,266,IN_DB_AS:Athyma ranga,True,athyma ranga; parathyma ranga
Aphnaeus lilacinus,Lycaenidae,99,TRULY_ABSENT,,aphnaeus lilacinus
Baracus vittatus,Hesperiidae,92,TRULY_ABSENT,,baracus vittatus; hesperilla eaclis; isoteinon vittatus
Limenitis asura,Nymphalidae,55,TRULY_ABSENT,,limenitis asura
Pseudoborbo bevani,Hesperiidae,47,IN_DB_AS:Borbo bevani,True,borbo bevani; hesperia bevani; hesperia vaika; isoteinon modesta; pamphila sarus; parnara thyone; pseudoborbo bevani; pseudoborbo modesta; pseudoborbo sarus; pseudoborbo thyone; pseudoborbo vaika
Polyura schreiber,Nymphalidae,33,TRULY_ABSENT,,polyura schreiber
Gerosis phisara,Hesperiidae,33,TRULY_ABSENT,,gerosis phisara
Deudorix isocrates,Lycaenidae,18,TRULY_ABSENT,,deudorix isocrates; hesperia isocrates; hesperia pann
Limenitis jina,Nymphalidae,16,TRULY_ABSENT,,limenitis jina
Apatura parisatis,Nymphalidae,16,TRULY_ABSENT,,apatura parisatis
Tajuria maculatus,Lycaenidae,16,TRULY_ABSENT,,iolaus maculatus; tajuria maculatus
Ops melastigma,Lycaenidae,7,IN_DB_AS:Tajuria melastigma,True,ops melastigma; tajuria melastigma
Chliaria nilgirica,Lycaenidae,5,IN_DB_AS:Hypolycaena nilgirica,True,chliaria nilgirica; hypolycaena nilgirica
Aphnaeus ictis,Lycaenidae,2,TRULY_ABSENT,,aphnaeus ictis
Actinor radians,Hesperiidae,2,TRULY_ABSENT,,actinor radians; halpe radians
Melanitis atrax,Nymphalidae,1,TRULY_ABSENT,,cyllo atrax; melanitis atrax; melanitis bazilana; melanitis cajetana; melanitis clya; melanitis erichsonia; melanitis lucillus; melanitis pitya; melanitis pseudaswa; melanitis violetta
Prothoe franck,Nymphalidae,1,TRULY_ABSENT,,prothoe franck
Ypthima savara,Nymphalidae,1,TRULY_ABSENT,,ypthima savara; ypthima tonkiniana
Lethe ramadeva,Nymphalidae,1,TRULY_ABSENT,,lethe ramadeva; zophoessa ramadeva
Euploea eyndhovii,Nymphalidae,1,TRULY_ABSENT,,euploea aesatia; euploea arasa; euploea distincta; euploea distinctivissima; euploea eyndhovii; euploea floresiana; euploea lucania; euploea martinus; euploea pahakela; euploea salistra; euploea simplex; euploea vonara; penoa gardineri; penoa uniformis
Heliophorus saphir,Lycaenidae,1,TRULY_ABSENT,,heliophorus saphir; ilerda marica; thecla saphir
Heliophorus viridipunctata,Lycaenidae,1,TRULY_ABSENT,,heliophorus hewitsoni; heliophorus viridipunctata; ilerda viridipunctata
Lysandra bellargus,Lycaenidae,1,TRULY_ABSENT,,? adonis; ? fuscescens; agriades albicincta; agriades albolineata; agriades aurescens; agriades bistriata; agriades caerulescenslunulata; agriades caerulescensmarginata; agriades carteri; agriades ceronuslunulata; agriades cuneomarginata; agriades lunulata; agriades marginata; agriades parallela; agriades posticolunulata; agriades posticostriata; agriades punctistriata; agriades rufescens; agriades semiceronus; agriades semicoelestis; agriades striata; agriades subcoelestis; agriades thetis etrusca; agriades thetis inalpina; cupido improba; lycaena adonis; lycaena albinismorufescens; lycaena albofimbriata; lycaena albolunulata; lycaena bellargoides; lycaena bellargus coelestis; lycaena biarcuata; lycaena caerulescens; lycaena coppelia; lycaena digitata; lycaena discojuncta; lycaena flavomaculata; lycaena latefasciata; lycaena niesiolowskii; lycaena pallida; lycaena pluripuncta; lycaena radiata; lycaena retrojuncta; lycaena rubricornis; lycaena rubromaculata; lycaena rufomarginata; lycaena semiarcuata; lycaena semidigitata; lycaena splendidissima; lysandra arcuata; lysandra argentea; lysandra basielongata; lysandra basijuncta; lysandra bellargus; lysandra bellargus bellargus; lysandra bellargus cuneata-cuneata; lysandra bellargus cuneo-lunulata; lysandra bellargus fuscescens; lysandra minor; lysandra nigromaculata; lysandra paucipunctaalbosagittata; lysandra postrufomarginata; papilio adonis; papilio argus; papilio bell; papilio bellargus; papilio cinnus; papilio hyacinthus; papilio oceanus; papilio salacia; papilio thetis; papilio venilia; polyommatus adonis; polyommatus bellargus; polyommatus bellargus bellargus; polyommatus bellargus etrusca; polyommatus bellargus fuscescens; polyommatus bellargus inalpina; polyommatus thetis
Chrysozephyrus tytleri,Lycaenidae,1,TRULY_ABSENT,,chrysozephyrus tytleri; neozephyrus tytleri
Castalius ananda,Lycaenidae,1,TRULY_ABSENT,,castalius ananda
Cyaniris albidisca,Lycaenidae,1,TRULY_ABSENT,,cyaniris albidisca
Parnara apostata,Hesperiidae,1,TRULY_ABSENT,,parnara apostata
